{"generations": [{"generation": 0, "best_fitness": 0.9799999999999995, "worst_fitness": -0.1, "average_fitness": 0.3567749999999997}, {"generation": 1, "best_fitness": 0.9799999999999995, "worst_fitness": -0.1, "average_fitness": 0.38902010050251257}], "time": 0.4081929579988355, "circuit": [["H", 1, 0, null, 3.2200510213772007], ["CX", 1, 0, null, 4.1193951705685485]], "ffidelity": 0.9999999999999996}