{"generations": [{"generation": 0, "best_fitness": 0.9499999999999995, "worst_fitness": -0.1, "average_fitness": 0.22256529130879182}, {"generation": 1, "best_fitness": 0.9799999999999995, "worst_fitness": -0.1, "average_fitness": 0.22168705178242845}], "time": 0.4131233750085812, "circuit": [["H", 1, 0, null, 3.3561985515129167], ["CX", 1, 0, null, 5.894479103073341]], "ffidelity": 0.9999999999999996}