{"generations": [{"generation": 0, "best_fitness": 0.9799999999999995, "worst_fitness": -0.1, "average_fitness": 0.33899999999999963}, {"generation": 1, "best_fitness": 0.9799999999999995, "worst_fitness": -0.1, "average_fitness": 0.3671608040201007}], "time": 0.40071445899957325, "circuit": [["H", 1, 0, null, 5.28000915878834], ["CX", 1, 0, null, 0.09286310734551668]], "ffidelity": 0.9999999999999996}