{"generations": [{"generation": 0, "best_fitness": 0.9202160845738201, "worst_fitness": -0.09969767956754404, "average_fitness": 0.20409359259009363}, {"generation": 1, "best_fitness": 0.9699999999999995, "worst_fitness": -0.09893011627982917, "average_fitness": 0.23095974803801458}], "time": 0.4593501670024125, "circuit": [["H", 0, 1, null, 3.064454328826101], ["CRY", 1, 0, null, 3.8395820835941867], ["CX", 0, 1, null, 0.10725006058061387]], "ffidelity": 0.9999999999999996}