{"generations": [{"generation": 0, "best_fitness": 0.9799999999999995, "worst_fitness": -0.1, "average_fitness": 0.38134999999999963}, {"generation": 1, "best_fitness": 0.9799999999999995, "worst_fitness": -0.1, "average_fitness": 0.3733668341708539}], "time": 0.3935887499974342, "circuit": [["H", 0, 1, null, 0.8073302817705222], ["CX", 0, 1, null, 3.8385422869978956]], "ffidelity": 0.9999999999999996}