{"generations": [{"generation": 0, "best_fitness": 0.4899999999999999, "worst_fitness": -0.1, "average_fitness": 0.25414328705104205}, {"generation": 1, "best_fitness": 0.8983666605943873, "worst_fitness": -0.08980787357460349, "average_fitness": 0.2964910532733746}, {"generation": 2, "best_fitness": 0.9299999999999993, "worst_fitness": -0.09998945489435275, "average_fitness": 0.30195476607411276}], "time": 0.3537655830004951, "circuit": [["T", 2, 0, 1, 2.0447667979640602], ["H", 1, 2, 0, 1.893169859741091], ["H", 0, 1, 2, 3.154853018442832], ["CX", 2, 0, 1, 4.199699086891034], ["CX", 0, 2, 1, 6.242622984341264], ["H", 1, 2, 0, 2.230304121714293], ["CX", 0, 1, 2, 0.05547194180853463]], "ffidelity": 0.9999999999999993}