{"generations": [{"generation": 0, "best_fitness": 0.5912826727521088, "worst_fitness": -0.1, "average_fitness": 0.07195225044999334}, {"generation": 1, "best_fitness": 0.5912826727521088, "worst_fitness": -0.1, "average_fitness": 0.07456678868886234}], "time": 0.43345058300474193, "circuit": [["H", 1, 2, 0, 3.5610910259842665], ["RX", 1, 0, 2, 2.6775205515106064], ["CRX", 2, 1, 0, 5.2011174065736165], ["CX", 1, 0, 2, 5.91978145038261], ["X", 0, 2, 1, 3.838090787752023], ["RX", 0, 2, 1, 0.3049964511527617]], "ffidelity": 0.00576899771795924}