{"generations": [{"generation": 0, "best_fitness": 0.9499999999999995, "worst_fitness": -0.1, "average_fitness": 0.2323875}, {"generation": 1, "best_fitness": 0.9699999999999995, "worst_fitness": -0.1, "average_fitness": 0.24096105527638137}], "time": 0.39132475000224076, "circuit": [["H", 1, 2, 0, 4.294651827796044], ["CX", 1, 0, 2, 0.8164953258632881], ["CX", 1, 2, 0, 3.081431875431073]], "ffidelity": 0.9999999999999996}