{"generations": [{"generation": 0, "best_fitness": 0.9699999999999995, "worst_fitness": -0.1, "average_fitness": 0.21518749999999953}, {"generation": 1, "best_fitness": 0.9699999999999995, "worst_fitness": -0.1, "average_fitness": 0.24500628140703498}], "time": 0.39481745900411624, "circuit": [["H", 2, 1, 0, 1.4036961992046366], ["CX", 2, 0, 1, 3.26591786149013], ["CX", 0, 1, 2, 2.157247521552903]], "ffidelity": 0.9999999999999996}