{"generations": [{"generation": 0, "best_fitness": 0.4899999999999999, "worst_fitness": -0.09587486189883561, "average_fitness": 0.24354068431809162}, {"generation": 1, "best_fitness": 0.9699999999999995, "worst_fitness": -0.08826065755218603, "average_fitness": 0.268957040943165}], "time": 1.029128916998161, "circuit": [["H", 1, 0, 2, 6.0177777961403525], ["CX", 1, 2, 0, 4.329826067070775], ["CX", 2, 0, 1, 4.695154930628275]], "ffidelity": 0.9999999999999996}