{"generations": [{"generation": 0, "best_fitness": 0.48903559372884925, "worst_fitness": -0.1, "average_fitness": 0.08501656144512747}, {"generation": 1, "best_fitness": 0.5866666666666666, "worst_fitness": -0.1, "average_fitness": 0.08836245546409673}], "time": 0.3890627499931725, "circuit": [["X", 0, 1, 2, 6.0591708390034515], ["T", 0, 2, 1, 1.2943124600165126], ["S", 2, 1, 0, 0.8053605888233074], ["CX", 2, 0, 1, 1.635822454612565], ["H", 1, 2, 0, 4.405731001886598], ["CZ", 2, 0, 1, 4.3472651121008035], ["T", 0, 2, 1, 5.082313442598133], ["CX", 1, 0, 2, 4.537872597859134]], "ffidelity": 0.0}