{"generations": [{"generation": 0, "best_fitness": 0.4899999999999999, "worst_fitness": -0.08967122005600443, "average_fitness": 0.2640192652130388}, {"generation": 1, "best_fitness": 0.8035533905932732, "worst_fitness": -0.09291066940662009, "average_fitness": 0.27229671251881243}, {"generation": 2, "best_fitness": 0.9499999999999995, "worst_fitness": -0.07508496856526191, "average_fitness": 0.2759960987620554}], "time": 0.4061316250008531, "circuit": [["T", 0, 1, 2, 2.8208462338578193], ["CX", 1, 0, 2, 3.386535666716431], ["H", 0, 2, 1, 0.12018340176019879], ["CX", 0, 1, 2, 4.95829441308678], ["CX", 1, 2, 0, 4.026466243339005]], "ffidelity": 0.9999999999999996}