{"generations": [{"generation": 0, "best_fitness": 0.9199999999999994, "worst_fitness": -0.08946599877235431, "average_fitness": 0.2629226545725898}, {"generation": 1, "best_fitness": 0.9299999999999993, "worst_fitness": -0.1, "average_fitness": 0.2827456939872253}], "time": 0.37703395800781436, "circuit": [["CX", 1, 0, 2, 4.99767584530441], ["CX", 1, 2, 0, 0.1949715276231542], ["H", 2, 1, 0, 3.6778774328489168], ["CX", 2, 1, 0, 3.211609576013377], ["CX", 2, 0, 1, 1.0544558707129246], ["H", 1, 0, 2, 1.7012372863394303], ["H", 1, 0, 2, 5.205449094058385]], "ffidelity": 0.9999999999999993}