{"generations": [{"generation": 0, "best_fitness": 0.4900000000000001, "worst_fitness": -0.1, "average_fitness": 0.12516012894176476}, {"generation": 1, "best_fitness": 0.7445041371641352, "worst_fitness": -0.09998859809084656, "average_fitness": 0.13291849560855304}], "time": 0.43363054099609144, "circuit": [["RZ", 2, 1, 0, 0.9690544838199482], ["X", 0, 2, 1, 1.5062578895740457], ["X", 0, 2, 1, 4.38830760886225], ["H", 1, 0, 2, 1.8852613867510768], ["CRY", 0, 1, 2, 4.111202241917549], ["CX", 1, 2, 0, 4.955750024821042], ["CRY", 1, 0, 2, 1.871343044338682]], "ffidelity": 0.8145041371641353}