{"generations": [{"generation": 0, "best_fitness": 0.6166666666666666, "worst_fitness": -0.1, "average_fitness": 0.07916370550783897}, {"generation": 1, "best_fitness": 0.6166666666666666, "worst_fitness": -0.1, "average_fitness": 0.08456151307320493}], "time": 0.39659370899607893, "circuit": [["H", 2, 1, 0, 3.6879889065013876], ["CX", 2, 1, 0, 1.0294964401316895], ["SWAP", 0, 2, 1, 3.093264087014269], ["X", 0, 1, 2, 3.5437171116609245], ["CZ", 0, 2, 1, 5.668075431985552]], "ffidelity": 0.0}