{"generations": [{"generation": 0, "best_fitness": 0.9599999999999995, "worst_fitness": -0.1, "average_fitness": 0.2296874999999999}, {"generation": 1, "best_fitness": 0.9699999999999995, "worst_fitness": -0.1, "average_fitness": 0.2311306532663315}], "time": 0.40393920899077784, "circuit": [["H", 2, 1, 0, 0.2909122608182905], ["CX", 2, 0, 1, 3.9527971008927274], ["CX", 2, 1, 0, 4.280368871293107]], "ffidelity": 0.9999999999999996}