{"generations": [{"generation": 0, "best_fitness": 0.4899999999999999, "worst_fitness": -0.08676272230274847, "average_fitness": 0.24966393654538205}, {"generation": 1, "best_fitness": 0.9699999999999995, "worst_fitness": -0.1, "average_fitness": 0.2653330155460418}, {"generation": 2, "best_fitness": 0.9699999999999995, "worst_fitness": -0.09, "average_fitness": 0.2684568410132153}, {"generation": 3, "best_fitness": 0.9699999999999995, "worst_fitness": -0.1, "average_fitness": 0.2580355019059491}], "time": 0.5122410829935689, "circuit": [["H", 2, 1, 0, 2.9954115324939696], ["CX", 2, 0, 1, 3.5811684239252823], ["CX", 2, 1, 0, 2.5615380821813662]], "ffidelity": 0.9999999999999996}