{"generations": [{"generation": 0, "best_fitness": 0.9599999999999995, "worst_fitness": -0.08117105317768139, "average_fitness": 0.2539821490173459}, {"generation": 1, "best_fitness": 0.9599999999999995, "worst_fitness": -0.1, "average_fitness": 0.2711646915899056}], "time": 0.364242915995419, "circuit": [["H", 2, 0, 1, 6.085072697920195], ["CX", 2, 1, 0, 2.5047506117656964], ["P", 0, 2, 1, 4.7386546209428655], ["CX", 2, 0, 1, 1.0741730675441916]], "ffidelity": 0.9999999999999996}